<Products>
  <Product ProductId="1"
           ProductName="Haystack Code Generator for .NET"
           IntroductionDate="07/01/2010"
           Price="799" />
  <Product ProductId="2"
           ProductName="ASP.Net Jumpstart Samples"
           IntroductionDate="05/24/2005"
           Price="0.0000" />
  <Product ProductId="3"
           ProductName="SQL Server 2008 - Administration eBook"
           IntroductionDate="05/01/2009"
           Price="19.95" />
  <Product ProductId="5"
           ProductName="Fundamentals of VB.NET eBook"
           IntroductionDate="02/22/2010"
           Price="19.95" />
  <Product ProductId="6"
           ProductName="Fundamentals of C# eBook"
           IntroductionDate="03/30/2010"
           Price="19.95" />
  <Product ProductId="7"
           ProductName="Fundamentals of ASP.NET eBook"
           IntroductionDate="10/13/2010"
           Price="19.95" />
  <Product ProductId="8"
           ProductName="From Zero to HTML 5 in 60 Minutes (Video)"
           IntroductionDate="3/20/2012"
           Price="20" />
  <Product ProductId="9"
           ProductName="Tips to Spice up your HTML 5 Applications (Even if you are not a Designer)"
           IntroductionDate="04/01/2012"
           Price="20" />
  <Product ProductId="10"
           ProductName="Introduction to CSS and CSS 3"
           IntroductionDate="04/15/2012"
           Price="20" />
  <!-- The following shows what happens when a null value is read -->
  <Product ProductId="11"
           ProductName="A Product with Nulls" />
  <!-- The following shows what happens when an empty value is read -->
  <Product ProductId="12"
           ProductName="A Product with Empty Values" IntroductionDate="" Price="" />

  <!-- The following shows an invalid conversion of a date, which is then handled by the extension methods
  <Product ProductId="99"
           ProductName="A New Product"
           IntroductionDate="23" />
   -->
</Products>