[
  {
    "productID": 706,
    "name": "HL Road Frame - Red, 58",
    "productNumber": "FR-R92R-58",
    "color": "Red",
    "standardCost": 1059.31,
    "listPrice": 1500
  },
  {
    "productID": 707,
    "name": "Sport-100 Helmet, Red",
    "productNumber": "HL-U509-R",
    "color": "Red",
    "standardCost": 13.08,
    "listPrice": 34.99
  },
  {
    "productID": 708,
    "name": "Sport-100 Helmet (Wireless), Black",
    "productNumber": "HL-U509",
    "color": "Black",
    "standardCost": 13.0863,
    "listPrice": 79.99
  },
  {
    "productID": 709,
    "name": "Mountain Bike Socks, M",
    "productNumber": "SO-B909-M",
    "color": "White",
    "standardCost": 3.3963,
    "listPrice": 9.5
  },
  {
    "productID": 710,
    "name": "Mountain Bike Socks, L",
    "productNumber": "SO-B909-L",
    "color": "White",
    "standardCost": 3.3963,
    "listPrice": 9.5
  },
  {
    "productID": 711,
    "name": "Sport-100 Helmet, Blue",
    "productNumber": "HL-U509-B",
    "color": "Blue",
    "standardCost": 13.0863,
    "listPrice": 34.99
  },
  {
    "productID": 712,
    "name": "AWC Logo Cap",
    "productNumber": "CA-1098",
    "color": "Multi",
    "standardCost": 6.92,
    "listPrice": 8.99
  },
  {
    "productID": 713,
    "name": "Long-Sleeve Logo Jersey, S",
    "productNumber": "LJ-0192-S",
    "color": "Multi",
    "standardCost": 38.4923,
    "listPrice": 49.99
  },
  {
    "productID": 714,
    "name": "Long-Sleeve Logo Jersey, M",
    "productNumber": "LJ-0192-M",
    "color": "Multi",
    "standardCost": 38.4923,
    "listPrice": 49.99
  },
  {
    "productID": 715,
    "name": "Long-Sleeve Logo Jersey, L",
    "productNumber": "LJ-0192-L",
    "color": "Multi",
    "standardCost": 38.4923,
    "listPrice": 49.99
  }
]