<?xml version="1.0" standalone="yes"?>
<SalesOrderDetails>
  <SalesOrderDetail>
    <SalesOrderID>71782</SalesOrderID>
    <SalesOrderDetailID>110709</SalesOrderDetailID>
    <OrderQty>3</OrderQty>
    <ProductID>707</ProductID>
    <UnitPrice>20.9940</UnitPrice>
    <LineTotal>62.982000</LineTotal>
  </SalesOrderDetail>
  <SalesOrderDetail>
    <SalesOrderID>71783</SalesOrderID>
    <SalesOrderDetailID>110751</SalesOrderDetailID>
    <OrderQty>10</OrderQty>
    <ProductID>707</ProductID>
    <UnitPrice>20.9940</UnitPrice>
    <LineTotal>209.940000</LineTotal>
  </SalesOrderDetail>
  <SalesOrderDetail>
    <SalesOrderID>71784</SalesOrderID>
    <SalesOrderDetailID>110794</SalesOrderDetailID>
    <OrderQty>10</OrderQty>
    <ProductID>707</ProductID>
    <UnitPrice>20.9940</UnitPrice>
    <LineTotal>209.940000</LineTotal>
  </SalesOrderDetail>
  <SalesOrderDetail>
    <SalesOrderID>71797</SalesOrderID>
    <SalesOrderDetailID>111075</SalesOrderDetailID>
    <OrderQty>6</OrderQty>
    <ProductID>707</ProductID>
    <UnitPrice>20.9940</UnitPrice>
    <LineTotal>125.964000</LineTotal>
  </SalesOrderDetail>
  <SalesOrderDetail>
    <SalesOrderID>71902</SalesOrderID>
    <SalesOrderDetailID>112980</SalesOrderDetailID>
    <OrderQty>2</OrderQty>
    <ProductID>707</ProductID>
    <UnitPrice>20.9940</UnitPrice>
    <LineTotal>41.988000</LineTotal>
  </SalesOrderDetail>
  <SalesOrderDetail>
    <SalesOrderID>71936</SalesOrderID>
    <SalesOrderDetailID>113228</SalesOrderDetailID>
    <OrderQty>1</OrderQty>
    <ProductID>707</ProductID>
    <UnitPrice>20.9940</UnitPrice>
    <LineTotal>20.994000</LineTotal>
  </SalesOrderDetail>
  <SalesOrderDetail>
    <SalesOrderID>71938</SalesOrderID>
    <SalesOrderDetailID>113278</SalesOrderDetailID>
    <OrderQty>3</OrderQty>
    <ProductID>707</ProductID>
    <UnitPrice>20.9940</UnitPrice>
    <LineTotal>62.982000</LineTotal>
  </SalesOrderDetail>
  <SalesOrderDetail>
    <SalesOrderID>71902</SalesOrderID>
    <SalesOrderDetailID>112988</SalesOrderDetailID>
    <OrderQty>4</OrderQty>
    <ProductID>708</ProductID>
    <UnitPrice>20.9940</UnitPrice>
    <LineTotal>83.976000</LineTotal>
  </SalesOrderDetail>
  <SalesOrderDetail>
    <SalesOrderID>71797</SalesOrderID>
    <SalesOrderDetailID>111082</SalesOrderDetailID>
    <OrderQty>12</OrderQty>
    <ProductID>708</ProductID>
    <UnitPrice>20.2942</UnitPrice>
    <LineTotal>238.659792</LineTotal>
  </SalesOrderDetail>
  <SalesOrderDetail>
    <SalesOrderID>71784</SalesOrderID>
    <SalesOrderDetailID>110795</SalesOrderDetailID>
    <OrderQty>12</OrderQty>
    <ProductID>708</ProductID>
    <UnitPrice>20.2942</UnitPrice>
    <LineTotal>238.659792</LineTotal>
  </SalesOrderDetail>
  <SalesOrderDetail>
    <SalesOrderID>71783</SalesOrderID>
    <SalesOrderDetailID>110752</SalesOrderDetailID>
    <OrderQty>11</OrderQty>
    <ProductID>708</ProductID>
    <UnitPrice>20.2942</UnitPrice>
    <LineTotal>218.771476</LineTotal>
  </SalesOrderDetail>
  <SalesOrderDetail>
    <SalesOrderID>71782</SalesOrderID>
    <SalesOrderDetailID>110690</SalesOrderDetailID>
    <OrderQty>7</OrderQty>
    <ProductID>708</ProductID>
    <UnitPrice>20.9940</UnitPrice>
    <LineTotal>146.958000</LineTotal>
  </SalesOrderDetail>
  <SalesOrderDetail>
    <SalesOrderID>71938</SalesOrderID>
    <SalesOrderDetailID>113295</SalesOrderDetailID>
    <OrderQty>5</OrderQty>
    <ProductID>708</ProductID>
    <UnitPrice>20.9940</UnitPrice>
    <LineTotal>104.970000</LineTotal>
  </SalesOrderDetail>
  <SalesOrderDetail>
    <SalesOrderID>71782</SalesOrderID>
    <SalesOrderDetailID>110708</SalesOrderDetailID>
    <OrderQty>6</OrderQty>
    <ProductID>711</ProductID>
    <UnitPrice>20.9940</UnitPrice>
    <LineTotal>125.964000</LineTotal>
  </SalesOrderDetail>
  <SalesOrderDetail>
    <SalesOrderID>71784</SalesOrderID>
    <SalesOrderDetailID>110753</SalesOrderDetailID>
    <OrderQty>2</OrderQty>
    <ProductID>711</ProductID>
    <UnitPrice>20.9940</UnitPrice>
    <LineTotal>41.988000</LineTotal>
  </SalesOrderDetail>
  <SalesOrderDetail>
    <SalesOrderID>71797</SalesOrderID>
    <SalesOrderDetailID>111038</SalesOrderDetailID>
    <OrderQty>4</OrderQty>
    <ProductID>711</ProductID>
    <UnitPrice>20.9940</UnitPrice>
    <LineTotal>83.976000</LineTotal>
  </SalesOrderDetail>
  <SalesOrderDetail>
    <SalesOrderID>71783</SalesOrderID>
    <SalesOrderDetailID>110749</SalesOrderDetailID>
    <OrderQty>15</OrderQty>
    <ProductID>711</ProductID>
    <UnitPrice>19.2445</UnitPrice>
    <LineTotal>274.234125</LineTotal>
  </SalesOrderDetail>
  <SalesOrderDetail>
    <SalesOrderID>71863</SalesOrderID>
    <SalesOrderDetailID>112395</SalesOrderDetailID>
    <OrderQty>1</OrderQty>
    <ProductID>711</ProductID>
    <UnitPrice>20.9940</UnitPrice>
    <LineTotal>20.994000</LineTotal>
  </SalesOrderDetail>
  <SalesOrderDetail>
    <SalesOrderID>71902</SalesOrderID>
    <SalesOrderDetailID>112995</SalesOrderDetailID>
    <OrderQty>7</OrderQty>
    <ProductID>711</ProductID>
    <UnitPrice>20.9940</UnitPrice>
    <LineTotal>146.958000</LineTotal>
  </SalesOrderDetail>
  <SalesOrderDetail>
    <SalesOrderID>71938</SalesOrderID>
    <SalesOrderDetailID>113282</SalesOrderDetailID>
    <OrderQty>3</OrderQty>
    <ProductID>711</ProductID>
    <UnitPrice>20.9940</UnitPrice>
    <LineTotal>62.982000</LineTotal>
  </SalesOrderDetail>
  <SalesOrderDetail>
    <SalesOrderID>71938</SalesOrderID>
    <SalesOrderDetailID>113283</SalesOrderDetailID>
    <OrderQty>1</OrderQty>
    <ProductID>712</ProductID>
    <UnitPrice>5.3940</UnitPrice>
    <LineTotal>5.394000</LineTotal>
  </SalesOrderDetail>
  <SalesOrderDetail>
    <SalesOrderID>71902</SalesOrderID>
    <SalesOrderDetailID>112962</SalesOrderDetailID>
    <OrderQty>3</OrderQty>
    <ProductID>712</ProductID>
    <UnitPrice>5.3940</UnitPrice>
    <LineTotal>16.182000</LineTotal>
  </SalesOrderDetail>
  <SalesOrderDetail>
    <SalesOrderID>71897</SalesOrderID>
    <SalesOrderDetailID>112902</SalesOrderDetailID>
    <OrderQty>4</OrderQty>
    <ProductID>712</ProductID>
    <UnitPrice>5.3940</UnitPrice>
    <LineTotal>21.576000</LineTotal>
  </SalesOrderDetail>
  <SalesOrderDetail>
    <SalesOrderID>71858</SalesOrderID>
    <SalesOrderDetailID>112375</SalesOrderDetailID>
    <OrderQty>3</OrderQty>
    <ProductID>712</ProductID>
    <UnitPrice>5.3940</UnitPrice>
    <LineTotal>16.182000</LineTotal>
  </SalesOrderDetail>
  <SalesOrderDetail>
    <SalesOrderID>71797</SalesOrderID>
    <SalesOrderDetailID>111053</SalesOrderDetailID>
    <OrderQty>6</OrderQty>
    <ProductID>712</ProductID>
    <UnitPrice>5.3940</UnitPrice>
    <LineTotal>32.364000</LineTotal>
  </SalesOrderDetail>
  <SalesOrderDetail>
    <SalesOrderID>71816</SalesOrderID>
    <SalesOrderDetailID>111457</SalesOrderDetailID>
    <OrderQty>4</OrderQty>
    <ProductID>712</ProductID>
    <UnitPrice>5.3940</UnitPrice>
    <LineTotal>21.576000</LineTotal>
  </SalesOrderDetail>
  <SalesOrderDetail>
    <SalesOrderID>71783</SalesOrderID>
    <SalesOrderDetailID>110748</SalesOrderDetailID>
    <OrderQty>11</OrderQty>
    <ProductID>712</ProductID>
    <UnitPrice>5.2142</UnitPrice>
    <LineTotal>56.209076</LineTotal>
  </SalesOrderDetail>
  <SalesOrderDetail>
    <SalesOrderID>71784</SalesOrderID>
    <SalesOrderDetailID>110761</SalesOrderDetailID>
    <OrderQty>10</OrderQty>
    <ProductID>712</ProductID>
    <UnitPrice>5.3940</UnitPrice>
    <LineTotal>53.940000</LineTotal>
  </SalesOrderDetail>
  <SalesOrderDetail>
    <SalesOrderID>71782</SalesOrderID>
    <SalesOrderDetailID>110670</SalesOrderDetailID>
    <OrderQty>10</OrderQty>
    <ProductID>712</ProductID>
    <UnitPrice>5.3940</UnitPrice>
    <LineTotal>53.940000</LineTotal>
  </SalesOrderDetail>
  <SalesOrderDetail>
    <SalesOrderID>71782</SalesOrderID>
    <SalesOrderDetailID>110667</SalesOrderDetailID>
    <OrderQty>3</OrderQty>
    <ProductID>714</ProductID>
    <UnitPrice>29.9940</UnitPrice>
    <LineTotal>89.982000</LineTotal>
  </SalesOrderDetail>
  <SalesOrderDetail>
    <SalesOrderID>71784</SalesOrderID>
    <SalesOrderDetailID>110760</SalesOrderDetailID>
    <OrderQty>9</OrderQty>
    <ProductID>714</ProductID>
    <UnitPrice>29.9940</UnitPrice>
    <LineTotal>269.946000</LineTotal>
  </SalesOrderDetail>
  <SalesOrderDetail>
    <SalesOrderID>71783</SalesOrderID>
    <SalesOrderDetailID>110717</SalesOrderDetailID>
    <OrderQty>6</OrderQty>
    <ProductID>714</ProductID>
    <UnitPrice>29.9940</UnitPrice>
    <LineTotal>179.964000</LineTotal>
  </SalesOrderDetail>
  <SalesOrderDetail>
    <SalesOrderID>71797</SalesOrderID>
    <SalesOrderDetailID>111040</SalesOrderDetailID>
    <OrderQty>1</OrderQty>
    <ProductID>714</ProductID>
    <UnitPrice>29.9940</UnitPrice>
    <LineTotal>29.994000</LineTotal>
  </SalesOrderDetail>
  <SalesOrderDetail>
    <SalesOrderID>71899</SalesOrderID>
    <SalesOrderDetailID>112939</SalesOrderDetailID>
    <OrderQty>2</OrderQty>
    <ProductID>714</ProductID>
    <UnitPrice>29.9940</UnitPrice>
    <LineTotal>59.988000</LineTotal>
  </SalesOrderDetail>
  <SalesOrderDetail>
    <SalesOrderID>71938</SalesOrderID>
    <SalesOrderDetailID>113290</SalesOrderDetailID>
    <OrderQty>2</OrderQty>
    <ProductID>714</ProductID>
    <UnitPrice>29.9940</UnitPrice>
    <LineTotal>59.988000</LineTotal>
  </SalesOrderDetail>
  <SalesOrderDetail>
    <SalesOrderID>71902</SalesOrderID>
    <SalesOrderDetailID>112976</SalesOrderDetailID>
    <OrderQty>3</OrderQty>
    <ProductID>714</ProductID>
    <UnitPrice>29.9940</UnitPrice>
    <LineTotal>89.982000</LineTotal>
  </SalesOrderDetail>
  <SalesOrderDetail>
    <SalesOrderID>71938</SalesOrderID>
    <SalesOrderDetailID>113312</SalesOrderDetailID>
    <OrderQty>3</OrderQty>
    <ProductID>715</ProductID>
    <UnitPrice>29.9940</UnitPrice>
    <LineTotal>89.982000</LineTotal>
  </SalesOrderDetail>
  <SalesOrderDetail>
    <SalesOrderID>71895</SalesOrderID>
    <SalesOrderDetailID>112865</SalesOrderDetailID>
    <OrderQty>2</OrderQty>
    <ProductID>715</ProductID>
    <UnitPrice>29.9940</UnitPrice>
    <LineTotal>59.988000</LineTotal>
  </SalesOrderDetail>
  <SalesOrderDetail>
    <SalesOrderID>71902</SalesOrderID>
    <SalesOrderDetailID>112967</SalesOrderDetailID>
    <OrderQty>3</OrderQty>
    <ProductID>715</ProductID>
    <UnitPrice>29.9940</UnitPrice>
    <LineTotal>89.982000</LineTotal>
  </SalesOrderDetail>
  <SalesOrderDetail>
    <SalesOrderID>71816</SalesOrderID>
    <SalesOrderDetailID>111456</SalesOrderDetailID>
    <OrderQty>2</OrderQty>
    <ProductID>715</ProductID>
    <UnitPrice>29.9940</UnitPrice>
    <LineTotal>59.988000</LineTotal>
  </SalesOrderDetail>
  <SalesOrderDetail>
    <SalesOrderID>71858</SalesOrderID>
    <SalesOrderDetailID>112362</SalesOrderDetailID>
    <OrderQty>2</OrderQty>
    <ProductID>715</ProductID>
    <UnitPrice>29.9940</UnitPrice>
    <LineTotal>59.988000</LineTotal>
  </SalesOrderDetail>
  <SalesOrderDetail>
    <SalesOrderID>71845</SalesOrderID>
    <SalesOrderDetailID>112138</SalesOrderDetailID>
    <OrderQty>2</OrderQty>
    <ProductID>715</ProductID>
    <UnitPrice>29.9940</UnitPrice>
    <LineTotal>59.988000</LineTotal>
  </SalesOrderDetail>
  <SalesOrderDetail>
    <SalesOrderID>71784</SalesOrderID>
    <SalesOrderDetailID>110786</SalesOrderDetailID>
    <OrderQty>8</OrderQty>
    <ProductID>715</ProductID>
    <UnitPrice>29.9940</UnitPrice>
    <LineTotal>239.952000</LineTotal>
  </SalesOrderDetail>
  <SalesOrderDetail>
    <SalesOrderID>71797</SalesOrderID>
    <SalesOrderDetailID>111048</SalesOrderDetailID>
    <OrderQty>4</OrderQty>
    <ProductID>715</ProductID>
    <UnitPrice>29.9940</UnitPrice>
    <LineTotal>119.976000</LineTotal>
  </SalesOrderDetail>
  <SalesOrderDetail>
    <SalesOrderID>71783</SalesOrderID>
    <SalesOrderDetailID>110744</SalesOrderDetailID>
    <OrderQty>17</OrderQty>
    <ProductID>715</ProductID>
    <UnitPrice>27.4945</UnitPrice>
    <LineTotal>444.036175</LineTotal>
  </SalesOrderDetail>
  <SalesOrderDetail>
    <SalesOrderID>71782</SalesOrderID>
    <SalesOrderDetailID>110686</SalesOrderDetailID>
    <OrderQty>8</OrderQty>
    <ProductID>715</ProductID>
    <UnitPrice>29.9940</UnitPrice>
    <LineTotal>239.952000</LineTotal>
  </SalesOrderDetail>
  <SalesOrderDetail>
    <SalesOrderID>71783</SalesOrderID>
    <SalesOrderDetailID>110745</SalesOrderDetailID>
    <OrderQty>4</OrderQty>
    <ProductID>716</ProductID>
    <UnitPrice>29.9940</UnitPrice>
    <LineTotal>119.976000</LineTotal>
  </SalesOrderDetail>
  <SalesOrderDetail>
    <SalesOrderID>71797</SalesOrderID>
    <SalesOrderDetailID>111049</SalesOrderDetailID>
    <OrderQty>5</OrderQty>
    <ProductID>716</ProductID>
    <UnitPrice>29.9940</UnitPrice>
    <LineTotal>149.970000</LineTotal>
  </SalesOrderDetail>
  <SalesOrderDetail>
    <SalesOrderID>71784</SalesOrderID>
    <SalesOrderDetailID>110764</SalesOrderDetailID>
    <OrderQty>5</OrderQty>
    <ProductID>716</ProductID>
    <UnitPrice>29.9940</UnitPrice>
    <LineTotal>149.970000</LineTotal>
  </SalesOrderDetail>
  <SalesOrderDetail>
    <SalesOrderID>71797</SalesOrderID>
    <SalesOrderDetailID>111079</SalesOrderDetailID>
    <OrderQty>2</OrderQty>
    <ProductID>717</ProductID>
    <UnitPrice>858.9000</UnitPrice>
    <LineTotal>1717.800000</LineTotal>
  </SalesOrderDetail>
  <SalesOrderDetail>
    <SalesOrderID>71867</SalesOrderID>
    <SalesOrderDetailID>112452</SalesOrderDetailID>
    <OrderQty>1</OrderQty>
    <ProductID>717</ProductID>
    <UnitPrice>858.9000</UnitPrice>
    <LineTotal>858.900000</LineTotal>
  </SalesOrderDetail>
  <SalesOrderDetail>
    <SalesOrderID>71797</SalesOrderID>
    <SalesOrderDetailID>111047</SalesOrderDetailID>
    <OrderQty>1</OrderQty>
    <ProductID>718</ProductID>
    <UnitPrice>858.9000</UnitPrice>
    <LineTotal>858.900000</LineTotal>
  </SalesOrderDetail>
  <SalesOrderDetail>
    <SalesOrderID>71783</SalesOrderID>
    <SalesOrderDetailID>110743</SalesOrderDetailID>
    <OrderQty>2</OrderQty>
    <ProductID>718</ProductID>
    <UnitPrice>858.9000</UnitPrice>
    <LineTotal>1717.800000</LineTotal>
  </SalesOrderDetail>
  <SalesOrderDetail>
    <SalesOrderID>71797</SalesOrderID>
    <SalesOrderDetailID>111045</SalesOrderDetailID>
    <OrderQty>3</OrderQty>
    <ProductID>722</ProductID>
    <UnitPrice>202.3320</UnitPrice>
    <LineTotal>606.996000</LineTotal>
  </SalesOrderDetail>
  <SalesOrderDetail>
    <SalesOrderID>71783</SalesOrderID>
    <SalesOrderDetailID>110730</SalesOrderDetailID>
    <OrderQty>6</OrderQty>
    <ProductID>722</ProductID>
    <UnitPrice>202.3320</UnitPrice>
    <LineTotal>1213.992000</LineTotal>
  </SalesOrderDetail>
  <SalesOrderDetail>
    <SalesOrderID>71783</SalesOrderID>
    <SalesOrderDetailID>110710</SalesOrderDetailID>
    <OrderQty>4</OrderQty>
    <ProductID>738</ProductID>
    <UnitPrice>202.3320</UnitPrice>
    <LineTotal>809.328000</LineTotal>
  </SalesOrderDetail>
  <SalesOrderDetail>
    <SalesOrderID>71797</SalesOrderID>
    <SalesOrderDetailID>111044</SalesOrderDetailID>
    <OrderQty>1</OrderQty>
    <ProductID>738</ProductID>
    <UnitPrice>202.3320</UnitPrice>
    <LineTotal>202.332000</LineTotal>
  </SalesOrderDetail>
  <SalesOrderDetail>
    <SalesOrderID>71815</SalesOrderID>
    <SalesOrderDetailID>111451</SalesOrderDetailID>
    <OrderQty>1</OrderQty>
    <ProductID>738</ProductID>
    <UnitPrice>202.3320</UnitPrice>
    <LineTotal>202.332000</LineTotal>
  </SalesOrderDetail>
  <SalesOrderDetail>
    <SalesOrderID>71915</SalesOrderID>
    <SalesOrderDetailID>113090</SalesOrderDetailID>
    <OrderQty>2</OrderQty>
    <ProductID>738</ProductID>
    <UnitPrice>202.3320</UnitPrice>
    <LineTotal>404.664000</LineTotal>
  </SalesOrderDetail>
  <SalesOrderDetail>
    <SalesOrderID>71938</SalesOrderID>
    <SalesOrderDetailID>113297</SalesOrderDetailID>
    <OrderQty>3</OrderQty>
    <ProductID>738</ProductID>
    <UnitPrice>202.3320</UnitPrice>
    <LineTotal>606.996000</LineTotal>
  </SalesOrderDetail>
  <SalesOrderDetail>
    <SalesOrderID>71936</SalesOrderID>
    <SalesOrderDetailID>113261</SalesOrderDetailID>
    <OrderQty>5</OrderQty>
    <ProductID>739</ProductID>
    <UnitPrice>818.7000</UnitPrice>
    <LineTotal>4093.500000</LineTotal>
  </SalesOrderDetail>
  <SalesOrderDetail>
    <SalesOrderID>71846</SalesOrderID>
    <SalesOrderDetailID>112150</SalesOrderDetailID>
    <OrderQty>1</OrderQty>
    <ProductID>739</ProductID>
    <UnitPrice>818.7000</UnitPrice>
    <LineTotal>818.700000</LineTotal>
  </SalesOrderDetail>
  <SalesOrderDetail>
    <SalesOrderID>71845</SalesOrderID>
    <SalesOrderDetailID>112121</SalesOrderDetailID>
    <OrderQty>3</OrderQty>
    <ProductID>742</ProductID>
    <UnitPrice>818.7000</UnitPrice>
    <LineTotal>2456.100000</LineTotal>
  </SalesOrderDetail>
  <SalesOrderDetail>
    <SalesOrderID>71936</SalesOrderID>
    <SalesOrderDetailID>113268</SalesOrderDetailID>
    <OrderQty>7</OrderQty>
    <ProductID>742</ProductID>
    <UnitPrice>818.7000</UnitPrice>
    <LineTotal>5730.900000</LineTotal>
  </SalesOrderDetail>
  <SalesOrderDetail>
    <SalesOrderID>71936</SalesOrderID>
    <SalesOrderDetailID>113260</SalesOrderDetailID>
    <OrderQty>4</OrderQty>
    <ProductID>743</ProductID>
    <UnitPrice>809.7600</UnitPrice>
    <LineTotal>3239.040000</LineTotal>
  </SalesOrderDetail>
  <SalesOrderDetail>
    <SalesOrderID>71845</SalesOrderID>
    <SalesOrderDetailID>112137</SalesOrderDetailID>
    <OrderQty>2</OrderQty>
    <ProductID>743</ProductID>
    <UnitPrice>809.7600</UnitPrice>
    <LineTotal>1619.520000</LineTotal>
  </SalesOrderDetail>
  <SalesOrderDetail>
    <SalesOrderID>71832</SalesOrderID>
    <SalesOrderDetailID>111806</SalesOrderDetailID>
    <OrderQty>4</OrderQty>
    <ProductID>743</ProductID>
    <UnitPrice>809.7600</UnitPrice>
    <LineTotal>3239.040000</LineTotal>
  </SalesOrderDetail>
  <SalesOrderDetail>
    <SalesOrderID>71899</SalesOrderID>
    <SalesOrderDetailID>112937</SalesOrderDetailID>
    <OrderQty>1</OrderQty>
    <ProductID>743</ProductID>
    <UnitPrice>809.7600</UnitPrice>
    <LineTotal>809.760000</LineTotal>
  </SalesOrderDetail>
  <SalesOrderDetail>
    <SalesOrderID>71780</SalesOrderID>
    <SalesOrderDetailID>110622</SalesOrderDetailID>
    <OrderQty>1</OrderQty>
    <ProductID>743</ProductID>
    <UnitPrice>809.7600</UnitPrice>
    <LineTotal>809.760000</LineTotal>
  </SalesOrderDetail>
</SalesOrderDetails>