﻿<?xml version="1.0" encoding="utf-8"?>
<Menus>
   <Menu>
      <MenuId>1</MenuId>
      <ParentId>0</ParentId>
      <Title>Home</Title>
      <DisplayOrder>10</DisplayOrder>
      <Action>/Home/Index</Action>
   </Menu>
   <Menu>
      <MenuId>2</MenuId>
      <ParentId>0</ParentId>
      <Title>Maintenance</Title>
      <DisplayOrder>20</DisplayOrder>
      <Action></Action>
   </Menu>
   <Menu>
      <MenuId>3</MenuId>
      <ParentId>2</ParentId>
      <Title>Users</Title>
      <DisplayOrder>10</DisplayOrder>
      <Action>/Maintenance/Users</Action>
   </Menu>
   <Menu>
      <MenuId>4</MenuId>
      <ParentId>2</ParentId>
      <Title>Roles</Title>
      <DisplayOrder>20</DisplayOrder>
      <Action>/Maintenance/Roles</Action>
   </Menu>
   <Menu>
      <MenuId>5</MenuId>
      <ParentId>0</ParentId>
      <Title>Reports</Title>
      <DisplayOrder>30</DisplayOrder>
      <Action></Action>
   </Menu>
   <Menu>
      <MenuId>6</MenuId>
      <ParentId>5</ParentId>
      <Title>Report 1</Title>
      <DisplayOrder>10</DisplayOrder>
      <Action>/Reports/Report1</Action>
   </Menu>
   <Menu>
      <MenuId>7</MenuId>
      <ParentId>5</ParentId>
      <Title>Report 2</Title>
      <DisplayOrder>20</DisplayOrder>
      <Action>/Reports/Report2</Action>
   </Menu>
   <Menu>
      <MenuId>8</MenuId>
      <ParentId>0</ParentId>
      <Title>Lookup</Title>
      <DisplayOrder>40</DisplayOrder>
      <Action></Action>
   </Menu>
   <Menu>
      <MenuId>9</MenuId>
      <ParentId>8</ParentId>
      <Title>Logs</Title>
      <DisplayOrder>10</DisplayOrder>
      <Action>/Lookup/Logs</Action>
   </Menu>
   <Menu>
      <MenuId>10</MenuId>
      <ParentId>8</ParentId>
      <Title>Resources</Title>
      <DisplayOrder>20</DisplayOrder>
      <Action>/Lookup/Resources</Action>
   </Menu>
   <Menu>
      <MenuId>11</MenuId>
      <ParentId>8</ParentId>
      <Title>Lookup Tables</Title>
      <DisplayOrder>30</DisplayOrder>
      <Action>/Lookup/LookupTables</Action>
   </Menu>
</Menus>