﻿ProductID,Name,ProductNumber,Color,StandardCost,ListPrice,ModifiedDate
345,"HL Road Frame - Red, 58",FR-R92R-58,Red,1059,1500,36:05.5
346,"Sport-100 Helmet, Red",HL-U509-R,Red,13.08,34.99,01:36.0
347,"Sport-100 Helmet, Black",HL-U509,Black,13.0863,34.99,01:36.8
348,"Mountain Bike Socks, M",SO-B909-M,White,3.3963,9.5,01:36.8
349,"Mountain Bike Socks, L",SO-B909-L,White,3.3963,19.5,01:36.8
350,"Sport-100 Helmet, Blue",HL-U509-B,Blue,13.0863,99.99,01:36.8
351,AWC Logo Cap,CA-1098,Multi,7,9,15:07.9
352,"Long-Sleeve Logo Jersey, S",LJ-0192-S,Multi,38.4923,49.99,01:36.8
353,"Long-Sleeve Logo Jersey, M",LJ-0192-M,Multi,38.4923,45.99,01:36.8
354,"Long-Sleeve Logo Jersey, L",LJ-0192-L,Multi,38.4923,49.99,01:36.8
355,"Long-Sleeve Logo Jersey, XL",LJ-0192-X,Multi,38.4923,59.99,01:36.8
356,"HL Road Frame - Red, 62",FR-R92R-62,Red,868.6342,1431.5,01:36.8
357,"HL Road Frame - Red, 44",FR-R92R-44,Red,868.6342,1431.5,01:36.8
358,"HL Road Frame - Red, 48",FR-R92R-48,Red,868.6342,1451.5,01:36.8
359,"HL Road Frame - Red, 52",FR-R92R-52,Red,868.63,1431.5,01:36.8
